n_components,covariance_type,BIC
2,full,-1396408.9306109052
2,diag,1194483.2267069905
3,full,-1404571.3025838062
3,diag,1184652.5347872693
4,full,-1426067.8967051036
4,diag,968682.5334801459
5,full,-1474765.2352168842
5,diag,907932.5565854497
6,full,-1459847.7076984227
6,diag,732117.5393441363
