,n_sims,attack_rate,attack_rate_pct,mean_cascades,median_cascades,p90_cascades,p99_cascades,mean_slots_jumped,p90_slots_jumped,p99_slots_jumped,mean_loss,p90_loss,high_risk_rate,high_risk_pct,mean_infra_gap
jito_baseline,100000.0,0.14903,14.902999999999999,3.993826746292693,4.0,5.0,5.0,4.486479232369321,6.0,7.0,415.2340033207994,530.0123634462403,0.11623,11.623,0.0
bam_privacy,100000.0,0.14973,14.973,1.410472183263207,1.0,3.0,4.0,1.818473251853336,3.0,5.0,148.21949883573134,304.80009496411697,0.01452,1.452,0.10705561631203749
harmony_multibuilder,100000.0,0.15029,15.029,1.9260762525783486,2.0,3.0,4.0,2.3825936522722735,4.0,6.0,201.0075806105278,336.91918496976103,0.02902,2.902,0.09221024065222526
