pool,total_profit,avg_profit,attack_count,attacker_count
HumidiFi,75.105,0.4497305389221557,167,167
BisonFi,11.232000000000001,0.1011891891891892,111,111
GoonFi,7.8839999999999995,0.07805940594059406,101,101
TesseraV,7.83,0.08419354838709678,93,93
SolFiV2,7.497,0.0789157894736842,95,95
ZeroFi,2.772,0.058978723404255314,47,47
ObricV2,0.108,0.036,3,3
